--CREATE STATEMENTS
-------------------

CREATE TABLE CLIENTS( ClientId int primary key, Cname varchar(40) Not null , Address varchar(30), Email varchar(30) unique, Phone Bigint, Business varchar(20) not null);

CREATE TABLE DEPARTMENTS( Deptno int primary key, Dname varchar(15)not null, Loc varchar(20));

CREATE TABLE EMPLOYEES( EmpNo int primary key, Ename varchar(20) not null, Job varchar(15), Salary float check (Salary> 0), Deptno int foreign key references departments(Deptno));

CREATE TABLE PROJECTS( ProjectId int primary key, Descr varchar(30) not null, Start_Date date, Planned_End_Date date, Actual_End_Date date, Budget Bigint check(Budget>0), ClientId int foreign key references CLIENTS (ClientId), check(Actual_End_Date>Planned_End_Date));

CREATE TABLE EMPProjectTasks( ProjectId int references PROJECTS (ProjectId), EmpNo int  references EMPLOYEES (EmpNo), Start_Date date, End_Date date, Task varchar(25) not null, Status varchar(15) not null, primary key(ProjectId,EmpNo));

--------------------------------------------------------------------------------------------------------------------------------

--INSERT STATEMENTS
-------------------

INSERT INTO CLIENTS VALUES(1001,'ACME Utilities','Noida','contact@acmeutil.com',9567880032,'Manufacturing'),
						  (1002,'Trackon Consultants','Mumbai','concult@trackon.com',8734210090,'Consultant'),
						  (1003,'MoneySaver Distributors','Kolkata','save@moneysaver.com',7799886655,'Reseller'),
						  (1004,'Lawful Crop','Chennai','justice@lawful.com',9210342219,'Professional')


INSERT INTO DEPARTMENTS VALUES(10,'Design','Pune'),
							  (20,'Development','Pune'),
							  (30,'Testing','Mumbai'),
							  (40,'Document','Mumbai')


INSERT INTO EMPLOYEES VALUES(7001,'Sandeep','Analyst',25000,10),
							(7002,'Rajesh','Designer',30000,10),
							(7003,'Madhav','Developer',40000,20),
						    (7004,'Manoj','Developer',40000,20),
							(7005,'Abhay','Designer',35000,10),
							(7006,'Uma','Tester',30000,30),
							(7007,'Gita','Tech. Writer',30000,40),
							(7008,'Priya','Tester',35000,30),
							(7009,'Nutan','Developer',45000,20),
							(7010,'Smita','Analyst',20000,10),
							(7011,'Anand','Project mgr',65000,10)

							
INSERT INTO PROJECTS VALUES(401,'Inventory','2011-04-01','2011-10-01','2011-10-31',150000,1001),
						   (402,'Accounting','2011-08-01','2012-01-01',null ,500000,1002),
						   (403,'Payroll','2011-10-01','2011-12-31',null ,500000,1002),
						   (404,'Contact Mgmt','2011-11-01','2011-12-31',null ,500000,1002)


INSERT INTO EMPProjectTasks VALUES(401,7001,'2011-04-01','2011-04-20','System Analysis','Completed'),
								  (401,7002,'2011-04-21','2011-05-30','System Design','Completed'),
								  (401,7003,'2011-06-01','2011-07-15','Coding','Completed'),
								  (401,7004,'2011-07-18','2011-09-01','Coding','Completed'),
								  (401,7006,'2011-09-03','2011-09-15','Testing','Completed'),
								  (401,7009,'2011-09-18','2011-10-05','Code Change','Completed'),
								  (401,7008,'2011-10-06','2011-10-16','Testing','Completed'),
								  (401,7007,'2011-10-06','2011-10-22','Documentation','Completed'),
								  (401,7011,'2011-10-22','2011-10-31','Sign off','Completed'),
								  (402,7010,'2011-08-01','2011-08-20','System Analysis','Completed'),
								  (402,7002,'2011-08-22','2011-09-30','System Design','Completed'),
								  (402,7004,'2011-10-01',null,'Coding','In Progress')

--------------------------------------------------------------------------------------------------------------------------------

--SELECT STATEMENTS
-------------------

SELECT * FROM CLIENTS;

SELECT * FROM DEPARTMENTS;

SELECT * FROM EMPLOYEES;

SELECT * FROM PROJECTS;

SELECT * FROM EMPProjectTasks;
